﻿<?xml version="1.0" encoding="utf-8"?>
<Rule Name="Link" DisplayName="Emscripten Linker" PageTemplate="tool" Order="20" SwitchPrefix="-" xmlns="http://schemas.microsoft.com/build/2009/properties" xmlns:x="http://schemas.microsoft.com/winfx/2006/xaml" xmlns:sys="clr-namespace:System;assembly=mscorlib">

  <Rule.Categories>
    <Category Name="General" DisplayName="General" />
    <Category Name="Input" DisplayName="Input" />
    <Category Name="Optimization" DisplayName="Optimization" />
    <Category Name="Advanced" DisplayName="Advanced" />
    <Category Name="All Options" DisplayName="All Options" Subtype="Search" />
    <Category Name="Command Line" DisplayName="Command Line" Subtype="CommandLine" />
  </Rule.Categories>
  <Rule.DataSource>
    <DataSource Persistence="ProjectFile" ItemType="Link" Label="" HasConfigurationCondition="true" />
  </Rule.DataSource>

  <!-- General -->
  
  <StringProperty Subtype="file" Name="OutputFile" DisplayName="Output File" Category="General" Switch="o" Separator=" " />

  <!--<StringListProperty Subtype="folder" Name="AdditionalLibraryDirectories" DisplayName="Additional Library Directories (-L)" Category="General" Switch="L" />-->

  <BoolProperty Name="LinkLibraryDependencies" DisplayName="Link Library Dependencies" Description="Specifies whether or not library outputs from project dependencies are automatically linked in." Category="General" IncludeInCommandLine="false" F1Keyword="VC.Project.VCLinkerTool.LinkLibraryDependencies">
    <BoolProperty.DataSource>
      <DataSource Persistence="ProjectFile" ItemType="ProjectReference" Label="" HasConfigurationCondition="true" />
    </BoolProperty.DataSource>
  </BoolProperty>
  <BoolProperty Name="UseLibraryDependencyInputs" DisplayName="Use Library Dependency Inputs" Description="Specifies whether or not the inputs to the librarian tool are used rather than the library file itself when linking in library outputs of project dependencies." Category="General" IncludeInCommandLine="false" F1Keyword="VC.Project.VCLinkerTool.UseLibraryDependencyInputs">
    <BoolProperty.DataSource>
      <DataSource Persistence="ProjectFile" ItemType="ProjectReference" Label="" HasConfigurationCondition="true" />
    </BoolProperty.DataSource>
  </BoolProperty>

  <EnumProperty Name="Warnings" DisplayName="Warnings" Category="General">
    <EnumValue Name="DisableAllWarnings" DisplayName="Disable All Warnings" Description="Suppresses the output of all warning messages." Switch="w" />
    <EnumValue Name="NormalWarnings" DisplayName="Enable Normal Warnings" Description="Run clang with normal warning output level." />
    <EnumValue Name="AllWarnings" DisplayName="Enable All Warnings" Switch="Wall" Description="Display all possible warnings detected by clang. "/>
  </EnumProperty>

  <BoolProperty Name="IgnoreDynamicLinking" DisplayName="Ignore Dynamic Linking" Description="Normally emcc will treat dynamic linking like static linking, by linking in the code from the dynamic library. This fails if the same dynamic library is linked more than once. With this option, dynamic linking is ignored, which allows the build system to proceed without errors. However, you will need to manually link to the shared libraries later on yourself.Disregards dynamic library linking minification process will be executed for the generated JavaScript code." Category="General" Switch="-ignore-dynamic-linking" />

  <!-- Input -->

  <StringListProperty Subtype="file" Name="AdditionalDependencies" DisplayName="Additional Dependencies" Category="Input" />

  <StringListProperty Subtype="file" Name="PreJsFile" DisplayName="Pre-Add JavaScript File (--pre-js)" Description="Specifies a .js file to embed to the beginning of the generated script file, before running optimizations on the file." Category="Input" Switch="-pre-js " />
  <StringListProperty Subtype="file" Name="PostJsFile" DisplayName="Post-Add JavaScript File (--post-js)" Description="Specifies a .js file to embed to the beginning of the generated script file, after optimizations have been performed." Category="Input" Switch="-post-js " />
  <StringListProperty Subtype="file" Name="EmbedFile" DisplayName="Embedded Resource Files (--embed-file)" Description="Specifies a list of resource files to embed inside the generated JavaScript file." Category="Input" Switch="-embed-file " />
  <StringListProperty Subtype="file" Name="PreloadFile" DisplayName="Preloaded Resource Files (--preload-file)" Description="Specifies a list of resource files to preload for the HTML page before running the compiled JavaScript code." Category="Input" Switch="-preload-file " />

  <StringListProperty Subtype="file" Name="HtmlShellFile" DisplayName="HTML Shell File (--shell-file)" Description="Specifies the .html file template inside which the generated JavaScript code will be generated to." Category="Input" Switch="-shell-file " />
  <StringListProperty Subtype="file" Name="JsLibrary" DisplayName="Additional JavaScript Libraries (--js-library)" Description="Specifies additional JavaScript libraries to link the generated code with." Category="Input" Switch="-js-library " />

  <!-- Optimization -->

  <EnumProperty Name="LinkerOptimizationLevel" DisplayName="Optimization" Category="Optimization">
    <EnumValue Name="Custom" DisplayName="Default" />
    <EnumValue Name="O0" DisplayName="Disabled" Switch="O0" />
    <EnumValue Name="O1" DisplayName="LLVM O1, asm.js, relooping, disable exceptions, disable emcc system assertions, enable aliasing function pointers" Switch="O1" />
    <EnumValue Name="O2" DisplayName="LLVM O2" Switch="O2" />
    <EnumValue Name="O3" DisplayName="LLVM O3, LLVM LTO, closure, force aligned memory, truncate doubles to floats on loads and stores, substitute double for int64" Switch="O3" />
  </EnumProperty>

  <BoolProperty Name="RunClosureCompiler" DisplayName="Force Closure Compiler Run (--closure)" Description="Forces the closure compiler to be run as part of the build or skips it if set to false." Category="Optimization" Switch="-closure 1" ReverseSwitch="-closure 0" />
  <BoolProperty Name="RunMinify" DisplayName="Force JS Code Minifier Run (--minify)" Description="Skips the JS code minification process if set to false." Category="Optimization" Switch="-minify 1" ReverseSwitch="-minify 0" />

  <!-- Advanced -->

  <EnumProperty Name="TypedArrays" DisplayName="Typed Arrays" Description="Specifies the compilation mode for typed arrays. See https://github.com/kripken/emscripten/wiki/Code-Generation-Modes." Category="Advanced">
    <EnumValue Name="Default" DisplayName="Default" />
    <EnumValue Name="NoTypedArrays" DisplayName="No Typed Arrays" Switch="-typed-arrays=0" />
    <EnumValue Name="ParallelTypedArrays" DisplayName="Parallel Typed Arrays" Switch="-typed-arrays=1" />
    <EnumValue Name="SharedTypedArrays" DisplayName="Shared Typed Arrays" Switch="-typed-arrays=2" />
  </EnumProperty>

  <StringListProperty Subtype="folder" Name="EnableWarnings" DisplayName="Enable Specific Warnings" Description="Specify one or more warnings to be enabled." Category="Advanced" Switch="W" />
  <StringListProperty Subtype="folder" Name="DisableWarnings" DisplayName="Disable Specific Warnings" Description="Specify one or more warnings to be suppressed." Category="Advanced" Switch="Wno-" />
  <BoolProperty Name="TreatWarningAsError" DisplayName="Treat Warnings as Errors" Description="Treats all linker warnings as errors." Category="Advanced" Switch="Werror" />

  <BoolProperty Name="EchoCommandLines" DisplayName="Echo Command Lines" Description="Print out the commands emcc is invoked with during linking." Category="Advanced" />

  <!-- Command Line -->

  <StringProperty Name="AdditionalOptions" DisplayName="Additional Options" Description="Additional Options" Category="Command Line" />

</Rule>
