﻿<?xml version="1.0" encoding="utf-8"?>
<Rule Name="ConfigurationGeneral" DisplayName="General" Description="General" PageTemplate="generic" xmlns="http://schemas.microsoft.com/build/2009/properties">

  <Rule.Categories>
    <Category Name="General" DisplayName="General" Description="General" />
    <Category Name="ProjectDefaults" DisplayName="Project Defaults" Description="Project Defaults" />
  </Rule.Categories>
  <Rule.DataSource>
    <DataSource Persistence="ProjectFile" Label="Configuration" />
  </Rule.DataSource>

  <!-- General -->

  <StringProperty Name="OutDir" Category="General" DisplayName="Output Directory" Description="Specifies a relative path to the output file directory; can include environment variables." Default="$(SolutionDir)$(Configuration)\" Subtype="folder" F1Keyword="VC.Project.VCConfiguration.OutputDirectory">
    <StringProperty.DataSource>
      <DataSource Persistence="ProjectFile" Label="" />
    </StringProperty.DataSource>
  </StringProperty>
  <StringProperty Name="IntDir" Category="General" DisplayName="Intermediate Directory" Description="Specifies a relative path to the intermediate file directory; can include environment variables." Default="$(Configuration)\" Subtype="folder" F1Keyword="VC.Project.VCConfiguration.IntermediateDirectory">
    <StringProperty.DataSource>
      <DataSource Persistence="ProjectFile" Label="" />
    </StringProperty.DataSource>
  </StringProperty>

  <StringProperty Name="TargetName" Category="General" DisplayName="Target Name" Description="Specifies a file name that this project will generate." F1Keyword="VC.Project.VCConfiguration.TargetName" Default="$(ProjectName)">
    <StringProperty.DataSource>
      <DataSource Persistence="ProjectFile" Label="" />
    </StringProperty.DataSource>
  </StringProperty>
  <StringProperty Name="TargetExt" Category="General" DisplayName="Target Extension" Description="Specifies a file extension that this project will generate. (Example: .o, .bc, .js or .html)" F1Keyword="VC.Project.VCConfiguration.TargetExt">
    <StringProperty.DataSource>
      <DataSource Persistence="ProjectFile" Label="" />
    </StringProperty.DataSource>
  </StringProperty>

  <StringListProperty Name="ExtensionsToDeleteOnClean" Category="General" DisplayName="Extensions to Delete on Clean" Description="Semi-colon delimited wildcard specification for which files in the intermediate directory to delete on clean or rebuild." Separator=";" F1Keyword="VC.Project.VCConfiguration.DeleteExtensionsOnClean">
    <StringListProperty.DataSource>
      <DataSource Persistence="ProjectFile" Label="" />
    </StringListProperty.DataSource>
  </StringListProperty>

  <StringProperty Name="BuildLogFile" Category="General" DisplayName="Build Log File" Description="Specifies the build log file to write to when build logging is enabled." F1Keyword="VC.Project.VCConfiguration.BuildLogFile" Default="$(ProjectDir)\$(MSBuildProjectName).log" Subtype="file">
    <StringProperty.DataSource>
      <DataSource Persistence="ProjectFile" ItemType="BuildLog" PersistedName="Path" />
    </StringProperty.DataSource>
  </StringProperty>

  <EnumProperty Name="PlatformToolset" DisplayName="Platform Toolset" Category="General">
    <EnumValue Name="emcc" DisplayName="Emscripten Compiler Frontend (emcc)" />
  </EnumProperty>

  <!-- Project Defaults -->

  <EnumProperty Name="ConfigurationType" Category="ProjectDefaults" DisplayName="Configuration Type" Description="Specifies the type of output this configuration generates." F1Keyword="VC.Project.VCConfiguration.ConfigurationType">
    <EnumValue Name="HTMLPage" DisplayName="HTML + JavaScript (.html)" />
    <EnumValue Name="JSApplication" DisplayName="JavaScript (.js)" />
    <EnumValue Name="StaticLibrary" DisplayName="Static LLVM Bitcode Library (.bc)" />
  </EnumProperty>

</Rule>
