﻿<?xml version="1.0" encoding="utf-8"?>
<Rule Name="Link" PageTemplate="tool" DisplayName="Emcc Linker" SwitchPrefix="-" Order="20" xmlns="http://schemas.microsoft.com/build/2009/properties" xmlns:x="http://schemas.microsoft.com/winfx/2006/xaml" xmlns:sys="clr-namespace:System;assembly=mscorlib">
  <Rule.Categories>
    <Category Name="General" DisplayName="General" />
    <Category Name="Input" DisplayName="Input" />
    <Category Name="Advanced" DisplayName="Advanced" />
    <Category Name="Command Line" DisplayName="Command Line" Subtype="CommandLine" />
  </Rule.Categories>
  <Rule.DataSource>
    <DataSource Persistence="ProjectFile" ItemType="Link" Label="" HasConfigurationCondition="true" />
  </Rule.DataSource>
  
  <StringProperty Subtype="file" Name="OutputFile" DisplayName="Output File" Category="General" Switch="o" Separator=" " />
  <StringListProperty Subtype="folder" Name="AdditionalLibraryDirectories" DisplayName="Additional Library Directories (-L)" Category="General" Switch="L" />

  <BoolProperty Name="LinkLibraryDependencies" DisplayName="Link Library Dependencies" Description="Specifies whether or not library outputs from project dependencies are automatically linked in." Category="General" IncludeInCommandLine="false" F1Keyword="VC.Project.VCLinkerTool.LinkLibraryDependencies">
    <BoolProperty.DataSource>
      <DataSource Persistence="ProjectFile" ItemType="ProjectReference" Label="" HasConfigurationCondition="true" />
    </BoolProperty.DataSource>
  </BoolProperty>
  <BoolProperty Name="UseLibraryDependencyInputs" DisplayName="Use Library Dependency Inputs" Description="Specifies whether or not the inputs to the librarian tool are used rather than the library file itself when linking in library outputs of project dependencies." Category="General" IncludeInCommandLine="false" F1Keyword="VC.Project.VCLinkerTool.UseLibraryDependencyInputs">
    <BoolProperty.DataSource>
      <DataSource Persistence="ProjectFile" ItemType="ProjectReference" Label="" HasConfigurationCondition="true" />
    </BoolProperty.DataSource>
  </BoolProperty>
  <BoolProperty Name="EchoCommandLines" DisplayName="Echo Command Lines" Description="If true, the commands emcc is invoked with are printed to stdout during linking." Category="General" />

  <EnumProperty Name="LinkerOptimizationLevel" DisplayName="Optimization" Category="General">
    <EnumValue Name="OptimizationNotSet" DisplayName="Not set (default to -O0)" />
    <EnumValue Name="O0" DisplayName="Disable Optimizations" Description="No optimizations (default)" Switch="O0" />
    <EnumValue Name="O1" DisplayName="LLVM -O1, asm.js, relooping, disable exceptions and emcc system assertions, enable aliasing function pointers" Switch="O1" />
    <EnumValue Name="O2" DisplayName="In addition to -O1: LLVM -O2" Switch="O2" />
    <EnumValue Name="O3" DisplayName="In addition to -O2: LLVM -O3, Run Closure, LLVM LTO, force aligned memory, truncate doubles to floats on loads and stores, substitute double for int64" Switch="O3" />
  </EnumProperty>

  <EnumProperty Name="TypedArrays" DisplayName="Typed Arrays" Description="Specifies the compilation mode for typed arrays. See https://github.com/kripken/emscripten/wiki/Code-Generation-Modes." Category="General">
    <EnumValue Name="NotSet" DisplayName="Not set (default to Shared typed arrays)" />
    <EnumValue Name="NoTypedArrays" DisplayName="No Typed Arrays" Switch="-typed-arrays=0" />
    <EnumValue Name="ParallelTypedArrays" DisplayName="Parallel Typed Arrays" Switch="-typed-arrays=1" />
    <EnumValue Name="SharedTypedArrays" DisplayName="Shared (C-like) Typed Arrays" Switch="-typed-arrays=2" />
  </EnumProperty>

  <BoolProperty Name="RunClosureCompiler" DisplayName="Force Closure Compiler Run (--closure)" Description="If true, the Closure Compiler is forced to be run as part of the build. If false, the Closure Compiler is forced to be disabled. If not set, Closure Compiler run is chosen by the current optimization level." Category="General" Switch="-closure 1" ReverseSwitch="-closure 0" />
  <BoolProperty Name="RunMinify" DisplayName="Force JS Code Minifier Run (--minify)" Description="If false, the JS code minification process will be skipped. Forcing to true is not currently supported. If not set, minification run is chosen by the current optimization level." Category="General" Switch="-minify 1" ReverseSwitch="-minify 0" />
  <BoolProperty Name="IgnoreDynamicLinking" DisplayName="Ignore Dynamic Linking" Description="Normally emcc will treat dynamic linking like static linking, by linking in the code from the dynamic library. This fails if the same dynamic library is linked more than once. With this option, dynamic linking is ignored, which allows the build system to proceed without errors. However, you will need to manually link to the shared libraries later on yourself.Disregards dynamic library linkingminification process will be executed for the generated JavaScript code." Category="General" Switch="-ignore-dynamic-linking" />

  <StringListProperty Subtype="file" Name="PreJsFile" DisplayName="Pre-Add JavaScript File (--pre-js)" Description="Specifies a .js file to embed to the beginning of the generated script file, before running optimizations on the file." Category="Input" Switch="-pre-js " />
  <StringListProperty Subtype="file" Name="PostJsFile" DisplayName="Post-Add JavaScript File (--post-js)" Description="Specifies a .js file to embed to the beginning of the generated script file, after optimizations have been performed." Category="Input" Switch="-post-js " />
  <StringListProperty Subtype="file" Name="EmbedFile" DisplayName="Embedded Resource Files (--embed-file)" Description="Specifies a list of resource files to embed inside the generated JavaScript file." Category="Input" Switch="-embed-file " />
  <StringListProperty Subtype="file" Name="PreloadFile" DisplayName="Preloaded Resource Files (--preload-file)" Description="Specifies a list of resource files to preload for the HTML page before running the compiled JavaScript code." Category="Input" Switch="-preload-file " />

  <StringListProperty Subtype="file" Name="HtmlShellFile" DisplayName="HTML Shell File (--shell-file)" Description="Specifies the .html file template inside which the generated JavaScript code will be generated to." Category="Input" Switch="-shell-file " />
  <StringListProperty Subtype="file" Name="JsLibrary" DisplayName="Additional JavaScript Libraries (--js-library)" Description="Specifies additional JavaScript libraries to link the generated code with." Category="Input" Switch="-js-library " />

  <StringListProperty Subtype="file" Name="AdditionalDependencies" DisplayName="Additional Dependencies" Category="Input" />
  <StringProperty Name="AdditionalOptions" DisplayName="Additional Options" Description="Additional Options" Category="Command Line" />  
</Rule>